<?xml version="1.0" encoding="UTF-8"?>
<!DOCTYPE Form [] >
  <Form
      autoSizePopupHeight="false"
      autoSizePopupWidth="false"
      centred="true"
      closable="false"
      designNotes="Converted by GT_SERVES 6.4.26A (Apr 19 2007) at Thu Apr 26 18:47:38 2007&#10;"
      events="1"
      iconisable="true"
      lockOnAction="false"
      mainWindow="false"
      maximisable="true"
      maximiseOnStart="false"
      modal="false"
      name="CreateActionForm"
      naturalSizeTabImage="false"
      resizable="true"
      screenRelative="false"
      staticForm="true"
      version="10">
    <TranslationCatalogueKey
        key=""
        namespace="" />
    <Form_loc
        backgroundImage=""
        formClassName=""
        height="533"
        hintText=""
        iconSource=""
        locale=""
        naturalSizeTabImage="false"
        padding="0"
        scriptText=""
        shortTitle="Create Action "
        title="Create Action "
        titleAlignment="CENTRE"
        useTabButton="false"
        useTabImage="false"
        width="795"
        xCoord="0"
        yCoord="0">
      <FontTagReference />
    </Form_loc>
    <Pane
        enforceMinimumHeight="false"
        enforceMinimumWidth="false"
        name="pane0">
      <Pane_loc
          height="533"
          locale=""
          minimumHeight="0"
          minimumWidth="0"
          width="795" />
      <Button
          abandon="false"
          confirm="true"
          depthOrder="0"
          events="8"
          imageButton="false"
          movable="true"
          name="btnOK"
          resizable="true"
          showAs="">
        <TranslationCatalogueKey
            key="77wJOftD217yD1Rx8wbig9"
            namespace="PCAccount_Auto" />
        <Button_loc
            height="26"
            hideBorder="false"
            hintText="Ok"
            label="OK"
            locale=""
            mnemonic="O"
            padding="0"
            repeatBackground="true"
            scriptText=""
            textAlignment="CENTRE"
            textAntiAliasing="true"
            transparentBackground="true"
            verticalTextAlignment="CENTRE"
            width="75"
            xCoord="675"
            yCoord="379">
          <ForegroundColour />
          <BackgroundColour
              name="MAButton" />
          <FontTagReference />
        </Button_loc>
      </Button>
      <TextLabel
          depthOrder="2"
          events="0"
          labelFor=""
          movable="true"
          name="lblEventType"
          resizable="true"
          showAs="">
        <TranslationCatalogueKey
            key="NaztKRKzTH7NwAbsdhazw8"
            namespace="pacificorp_Auto" />
        <TextLabel_loc
            height="14"
            hintText=""
            label="Event Type"
            locale=""
            scriptText=""
            textAlignment="LEFT"
            transparentBackground="true"
            width="56"
            xCoord="28"
            yCoord="164">
          <ForegroundColour />
          <BackgroundColour />
          <FontTagReference />
        </TextLabel_loc>
      </TextLabel>
      <TextLabel
          depthOrder="3"
          events="0"
          labelFor=""
          movable="true"
          name="lblFollowUpDate"
          resizable="true"
          showAs="">
        <TranslationCatalogueKey
            key="auDRdkHCdo6J5rC45DtRA7"
            namespace="pacificorp_Auto" />
        <TextLabel_loc
            height="14"
            hintText=""
            label="Follow Up Date"
            locale=""
            scriptText=""
            textAlignment="LEFT"
            transparentBackground="true"
            width="73"
            xCoord="450"
            yCoord="164">
          <ForegroundColour />
          <BackgroundColour />
          <FontTagReference />
        </TextLabel_loc>
      </TextLabel>
      <TextLabel
          depthOrder="4"
          events="0"
          labelFor=""
          movable="true"
          name="lblLoggedBy"
          resizable="true"
          showAs="">
        <TranslationCatalogueKey
            key="YX49ua88Ak5Amp7vXtoqa6"
            namespace="pacificorp_Auto" />
        <TextLabel_loc
            height="14"
            hintText=""
            label="Logged By"
            locale=""
            scriptText=""
            textAlignment="LEFT"
            transparentBackground="true"
            width="51"
            xCoord="261"
            yCoord="164">
          <ForegroundColour />
          <BackgroundColour />
          <FontTagReference />
        </TextLabel_loc>
      </TextLabel>
      <Button
          abandon="false"
          confirm="false"
          depthOrder="5"
          events="8"
          imageButton="false"
          movable="true"
          name="btnClear"
          resizable="true"
          showAs="">
        <TranslationCatalogueKey
            key="PIwKdnggwFAqbpiyIJBvg5"
            namespace="PCAccount_Auto" />
        <Button_loc
            height="36"
            hideBorder="false"
            hintText="Clear"
            imageSource=""
            label="Clear"
            locale=""
            mnemonic="r"
            padding="0"
            repeatBackground="true"
            scriptText=""
            textAlignment="CENTRE"
            textAntiAliasing="true"
            transparentBackground="true"
            verticalTextAlignment="CENTRE"
            width="36"
            xCoord="25"
            yCoord="11">
          <ForegroundColour
              name="gray0" />
          <BackgroundColour
              name="MAButton" />
          <FontTagReference />
        </Button_loc>
      </Button>
      <TextField
          checkSpelling="false"
          columns="10"
          depthOrder="6"
          eagerUpdate="false"
          events="0"
          horizontalScroll="false"
          maxLength="10"
          movable="true"
          name="txtEventType"
          readOnly="true"
          required="false"
          resizable="true"
          rows="1"
          secret="false"
          showAs=""
          showHtmlContent="SAFE"
          verticalScroll="false"
          wrapText="true">
        <RepresentationReference
            name="GT_WEBTextField"
            platform="GT_WEB" />
        <RepresentationReference
            name="GeckoTextField"
            platform="Gecko" />
        <TranslationCatalogueKey
            key="PwZZEvXdk17sdN2xDnZUL7"
            namespace="pacificorp_Auto" />
        <TextField_loc
            autoSelect="false"
            automaticTab="false"
            clientValidate=""
            errorMessageValidation=""
            explainValidation="false"
            height="19"
            hideBorder="false"
            hintText=""
            invisible="false"
            isPerlTypeValidation="false"
            locale=""
            scriptText=""
            textAlignment="LEFT"
            textCase="AS_IS"
            width="64"
            xCoord="97"
            yCoord="161">
          <ForegroundColour />
          <BackgroundColour
              name="MAReadOnly" />
          <FontTagReference />
        </TextField_loc>
      </TextField>
      <TextField
          checkSpelling="false"
          columns="10"
          depthOrder="7"
          eagerUpdate="false"
          events="0"
          horizontalScroll="false"
          maxLength="10"
          movable="true"
          name="ddFollowUpDate"
          readOnly="true"
          required="false"
          resizable="true"
          rows="1"
          secret="false"
          showAs=""
          showHtmlContent="SAFE"
          verticalScroll="false"
          wrapText="true">
        <RepresentationReference
            name="GT_WEBTextField"
            platform="GT_WEB" />
        <RepresentationReference
            name="GeckoTextField"
            platform="Gecko" />
        <TranslationCatalogueKey
            key="6iGsXifHpb61prnWZHfT59"
            namespace="pacificorp_Auto" />
        <TextField_loc
            autoSelect="false"
            automaticTab="false"
            clientValidate=""
            errorMessageValidation=""
            explainValidation="false"
            height="19"
            hideBorder="false"
            hintText=""
            invisible="false"
            isPerlTypeValidation="false"
            locale=""
            scriptText=""
            textAlignment="LEFT"
            textCase="AS_IS"
            width="64"
            xCoord="541"
            yCoord="161">
          <ForegroundColour />
          <BackgroundColour
              name="MAReadOnly" />
          <FontTagReference />
          <Format
              formatParameter="MM/dd/yyyy">
            <FormatDefinitionReference
                name="DateFormatter" />
          </Format>
        </TextField_loc>
      </TextField>
      <TextField
          checkSpelling="false"
          columns="10"
          depthOrder="8"
          eagerUpdate="false"
          events="0"
          horizontalScroll="false"
          maxLength="10"
          movable="true"
          name="txtLoggedBy"
          readOnly="true"
          required="false"
          resizable="true"
          rows="1"
          secret="false"
          showAs=""
          showHtmlContent="SAFE"
          verticalScroll="false"
          wrapText="true">
        <RepresentationReference
            name="GT_WEBTextField"
            platform="GT_WEB" />
        <RepresentationReference
            name="GeckoTextField"
            platform="Gecko" />
        <TranslationCatalogueKey
            key="bHIg9FPrIq1F6anv8EEvJ8"
            namespace="pacificorp_Auto" />
        <TextField_loc
            autoSelect="false"
            automaticTab="false"
            clientValidate=""
            errorMessageValidation=""
            explainValidation="false"
            height="19"
            hideBorder="false"
            hintText=""
            invisible="false"
            isPerlTypeValidation="false"
            locale=""
            scriptText=""
            textAlignment="LEFT"
            textCase="AS_IS"
            width="64"
            xCoord="325"
            yCoord="161">
          <ForegroundColour />
          <BackgroundColour
              name="MAReadOnly" />
          <FontTagReference />
        </TextField_loc>
      </TextField>
      <Button
          abandon="true"
          confirm="false"
          depthOrder="9"
          events="8"
          imageButton="false"
          movable="true"
          name="btnCancel"
          resizable="true"
          showAs="">
        <TranslationCatalogueKey
            key="hbnuCiYv3y63QatNx3ORP6"
            namespace="PCAccount_Auto" />
        <Button_loc
            height="26"
            hideBorder="false"
            hintText="Cancel"
            label="Cancel"
            locale=""
            mnemonic="C"
            padding="0"
            repeatBackground="true"
            scriptText=""
            textAlignment="CENTRE"
            textAntiAliasing="true"
            transparentBackground="true"
            verticalTextAlignment="CENTRE"
            width="75"
            xCoord="582"
            yCoord="379">
          <ForegroundColour />
          <BackgroundColour
              name="MAButton" />
          <FontTagReference />
        </Button_loc>
      </Button>
      <TextField
          checkSpelling="false"
          columns="50"
          depthOrder="11"
          eagerUpdate="false"
          events="1"
          horizontalScroll="false"
          maxLength="2000"
          movable="true"
          name="txtActionInformation"
          readOnly="false"
          required="false"
          resizable="true"
          rows="20"
          secret="false"
          showAs=""
          showHtmlContent="SAFE"
          verticalScroll="true"
          wrapText="true">
        <RepresentationReference
            name="GT_WEBTextField"
            platform="GT_WEB" />
        <RepresentationReference
            name="GeckoTextField"
            platform="Gecko" />
        <TranslationCatalogueKey
            key="Itmr7o2dJr0LYtktsH9L2A"
            namespace="pacificorp_Auto" />
        <TextField_loc
            autoSelect="true"
            automaticTab="true"
            clientValidate=""
            errorMessageValidation=""
            explainValidation="false"
            height="65"
            hideBorder="false"
            hintText=""
            invisible="false"
            isPerlTypeValidation="false"
            locale=""
            scriptText=""
            textAlignment="LEFT"
            textCase="AS_IS"
            width="583"
            xCoord="27"
            yCoord="303">
          <ForegroundColour />
          <BackgroundColour
              name="gray100" />
          <FontTagReference />
        </TextField_loc>
      </TextField>
      <ListBox
          cellSelectEnable="false"
          depthOrder="12"
          disableRowResize="false"
          disableTextWrap="false"
          doubleClick="false"
          events="32"
          filtered="false"
          graphType="TEXT"
          graphable="true"
          hideColumnHeaders="false"
          hideGraphControls="false"
          horizontalScroll="false"
          individualHtmlLinks="false"
          movable="true"
          multipleSelect="false"
          name="eventDescLst"
          paginatedList="true"
          proportionalResize="false"
          rearrangeableColumns="false"
          require="false"
          required="false"
          resizable="true"
          rows="5"
          showAs=""
          showAsGrid="false"
          showGraphLegend="false"
          showLines="true"
          sortByColumn="true"
          tabulate="true"
          threeDGraphics="false"
          verticalScroll="true">
        <RepresentationReference
            name="GT_WEBListBoxDataTable"
            platform="GT_WEB" />
        <TranslationCatalogueKey
            key="QUz2TP4Np77rPqxYRtURJ8"
            namespace="pacificorp_Auto" />
        <ViewDefinitionReference
            name="EventDescLstView" />
        <ListBox_loc
            height="80"
            hintText=""
            locale=""
            scriptText=""
            width="581"
            xCoord="27"
            yCoord="196">
          <ForegroundColour />
          <BackgroundColour />
          <FontTagReference />
        </ListBox_loc>
      </ListBox>
      <TextLabel
          depthOrder="13"
          events="0"
          labelFor=""
          movable="true"
          name="lblActionInformation"
          resizable="true"
          showAs="">
        <TranslationCatalogueKey
            key="hYCW3vZicj5GyBK0xCRwz6"
            namespace="pacificorp_Auto" />
        <TextLabel_loc
            height="14"
            hintText=""
            label="Action Information"
            locale=""
            scriptText=""
            textAlignment="LEFT"
            transparentBackground="true"
            width="90"
            xCoord="28"
            yCoord="284">
          <ForegroundColour />
          <BackgroundColour />
          <FontTagReference />
        </TextLabel_loc>
      </TextLabel>
      <TextLabel
          depthOrder="14"
          events="0"
          labelFor=""
          movable="true"
          name="lblCommonHeaderLabel"
          resizable="true"
          showAs="">
        <TranslationCatalogueKey
            key="VGHo1OCpa82BiEXR7En2g6"
            namespace="PCAccount_Auto" />
        <TextLabel_loc
            height="14"
            hintText=""
            label="Create Action"
            locale=""
            scriptText=""
            textAlignment="LEFT"
            transparentBackground="true"
            width="138"
            xCoord="100"
            yCoord="20">
          <ForegroundColour />
          <BackgroundColour />
          <FontTagReference />
        </TextLabel_loc>
      </TextLabel>
    </Pane>
    <TabOrder>
      <FormComponentReference
          name="txtActionInformation" />
      <FormComponentReference
          name="btnOK" />
      <FormComponentReference
          name="btnCancel" />
      <FormComponentReference
          name="btnClear" />
    </TabOrder>
    <ClientRuleBook />
    <LayoutPane
        layoutManagerObjectReference="HeaderContentLayout"
        paneReference="pane0">
      <LayoutGroup
          layoutManagerObjectReference="HeaderLayout"
          name="HeaderGroup">
        <LayoutChildFormComponent>
          <FormComponentReference
              name="lblCommonHeaderLabel" />
        </LayoutChildFormComponent>
      </LayoutGroup>
      <LayoutGroup
          layoutManagerObjectReference="VerticalLayout"
          name="ContentGroup">
        <NameValuePair
            name="row1childClasses"
            value="verticalBlockSpacing" />
        <NameValuePair
            name="row2childClasses"
            value="verticalBlockSpacing" />
        <NameValuePair
            name="row3childClasses"
            value="verticalBlockSpacing" />
        <NameValuePair
            name="row2height"
            value="fill" />
        <LayoutGroup
            layoutManagerObjectReference="LabelComponentLayout"
            name="Row1Group">
          <NameValuePair
              name="numColumns"
              value="3" />
          <LayoutChildFormComponent>
            <FormComponentReference
                name="lblEventType" />
          </LayoutChildFormComponent>
          <LayoutChildFormComponent>
            <FormComponentReference
                name="txtEventType" />
          </LayoutChildFormComponent>
          <LayoutChildFormComponent>
            <FormComponentReference
                name="lblLoggedBy" />
          </LayoutChildFormComponent>
          <LayoutChildFormComponent>
            <FormComponentReference
                name="txtLoggedBy" />
          </LayoutChildFormComponent>
          <LayoutChildFormComponent>
            <FormComponentReference
                name="lblFollowUpDate" />
          </LayoutChildFormComponent>
          <LayoutChildFormComponent>
            <FormComponentReference
                name="ddFollowUpDate" />
          </LayoutChildFormComponent>
        </LayoutGroup>
        <LayoutChildFormComponent>
          <FormComponentReference
              name="eventDescLst" />
        </LayoutChildFormComponent>
        <LayoutGroup
            layoutManagerObjectReference="VerticalLayout"
            name="Row2Group">
          <NameValuePair
              name="row2sizeHint"
              value="fillHorizontal" />
          <NameValuePair
              name="row1childClasses"
              value="verticalBlockSpacing" />
          <LayoutChildFormComponent>
            <FormComponentReference
                name="lblActionInformation" />
          </LayoutChildFormComponent>
          <LayoutChildFormComponent>
            <FormComponentReference
                name="txtActionInformation" />
          </LayoutChildFormComponent>
        </LayoutGroup>
      </LayoutGroup>
      <LayoutGroup
          layoutManagerObjectReference="ButtonLayout"
          name="ButtonGroup">
        <NameValuePair
            name="button1Align"
            value="left" />
        <LayoutChildFormComponent>
          <FormComponentReference
              name="btnCancel" />
        </LayoutChildFormComponent>
        <LayoutChildFormComponent>
          <FormComponentReference
              name="btnClear" />
        </LayoutChildFormComponent>
        <LayoutChildFormComponent>
          <FormComponentReference
              name="btnOK" />
        </LayoutChildFormComponent>
      </LayoutGroup>
    </LayoutPane>
  </Form>
