<?xml version="1.0" encoding="UTF-8"?>
<!DOCTYPE FormProcess [] >
  <PackageEntry>
    <ImportDeclaration
        name="EventDescLstView">
      <PackageSpecifier
          name="">
        <PackageName
            name="PCAccount" />
        <PackageName
            name="Implementation" />
        <PackageName
            name="CustomerEvent" />
        <PackageName
            name="UI" />
        <PackageName
            name="Views" />
      </PackageSpecifier>
      <PackageEntryReference
          name="EventDescLstView" />
    </ImportDeclaration>
    <ImportDeclaration
        name="EventDescLst">
      <PackageSpecifier
          name="">
        <PackageName
            name="PCAccount" />
        <PackageName
            name="Implementation" />
        <PackageName
            name="CustomerEvent" />
        <PackageName
            name="Objects" />
      </PackageSpecifier>
      <PackageEntryReference
          name="EventDescLst" />
    </ImportDeclaration>
    <ImportDeclaration
        name="CustomerEventData">
      <PackageSpecifier
          name="">
        <PackageName
            name="PCCoreEntities" />
        <PackageName
            name="Implementation" />
        <PackageName
            name="Objects" />
      </PackageSpecifier>
      <PackageEntryReference
          name="CustomerEventData" />
    </ImportDeclaration>
    <ImportDeclaration
        name="StringUtils">
      <PackageSpecifier
          name="">
        <PackageName
            name="Common" />
        <PackageName
            name="Utilities" />
      </PackageSpecifier>
      <PackageEntryReference
          name="StringUtils" />
    </ImportDeclaration>
    <ImportDeclaration
        name="DateTimeUtils">
      <PackageSpecifier
          name="">
        <PackageName
            name="Common" />
        <PackageName
            name="Utilities" />
      </PackageSpecifier>
      <PackageEntryReference
          name="DateTimeUtils" />
    </ImportDeclaration>
    <ImportDeclaration
        name="DisplayMessageUtil">
      <PackageSpecifier
          name="">
        <PackageName
            name="FrameworkNotifications" />
        <PackageName
            name="API" />
      </PackageSpecifier>
      <PackageEntryReference
          name="DisplayMessageUtil" />
    </ImportDeclaration>
    <ImportDeclaration
        name="EntityEditorErrorList">
      <PackageSpecifier
          name="">
        <PackageName
            name="FrameworkEVA" />
        <PackageName
            name="Implementation" />
        <PackageName
            name="Entity" />
        <PackageName
            name="Objects" />
      </PackageSpecifier>
      <PackageEntryReference
          name="EntityEditorErrorList" />
    </ImportDeclaration>
    <ImportDeclaration
        name="EntityEditorError">
      <PackageSpecifier
          name="">
        <PackageName
            name="FrameworkEVA" />
        <PackageName
            name="Implementation" />
        <PackageName
            name="Entity" />
        <PackageName
            name="Objects" />
      </PackageSpecifier>
      <PackageEntryReference
          name="EntityEditorError" />
    </ImportDeclaration>
    <ImportDeclaration
        name="CICSUtils">
      <PackageSpecifier
          name="">
        <PackageName
            name="CICS" />
        <PackageName
            name="Utilities" />
      </PackageSpecifier>
      <PackageEntryReference
          name="CICSUtils" />
    </ImportDeclaration>
    <ImportDeclaration
        name="DateFormatter">
      <PackageSpecifier
          name="">
        <PackageName
            name="PCCoreEntities" />
        <PackageName
            name="API" />
        <PackageName
            name="Formatters" />
      </PackageSpecifier>
      <PackageEntryReference
          name="DateFormatter" />
    </ImportDeclaration>
    <ImportDeclaration
        name="CICSException">
      <PackageSpecifier
          name="">
        <PackageName
            name="CICS" />
        <PackageName
            name="Exceptions" />
      </PackageSpecifier>
      <PackageEntryReference
          name="CICSException" />
    </ImportDeclaration>
    <ImportDeclaration
        name="FormUtils">
      <PackageSpecifier
          name="">
        <PackageName
            name="Common" />
        <PackageName
            name="Utilities" />
      </PackageSpecifier>
      <PackageEntryReference
          name="FormUtils" />
    </ImportDeclaration>
    <ImportDeclaration
        name="CustomerEventAction">
      <PackageSpecifier
          name="">
        <PackageName
            name="PCAccount" />
        <PackageName
            name="Implementation" />
        <PackageName
            name="CustomerEvent" />
        <PackageName
            name="Objects" />
      </PackageSpecifier>
      <PackageEntryReference
          name="CustomerEventAction" />
    </ImportDeclaration>
    <ImportDeclaration
        name="NumberUtils">
      <PackageSpecifier
          name="">
        <PackageName
            name="Common" />
        <PackageName
            name="Utilities" />
      </PackageSpecifier>
      <PackageEntryReference
          name="NumberUtils" />
    </ImportDeclaration>
    <ImportDeclaration
        name="GTXMilestone">
      <PackageSpecifier
          name="">
        <PackageName
            name="PCCoreContactHistory" />
        <PackageName
            name="Implementation" />
        <PackageName
            name="GTXInteraction" />
        <PackageName
            name="Objects" />
      </PackageSpecifier>
      <PackageEntryReference
          name="GTXMilestone" />
    </ImportDeclaration>
    <ImportDeclaration
        name="EIPCContact">
      <PackageSpecifier
          name="">
        <PackageName
            name="PCCoreContactHistory" />
        <PackageName
            name="API" />
        <PackageName
            name="Interfaces" />
      </PackageSpecifier>
      <PackageEntryReference
          name="EIPCContact" />
    </ImportDeclaration>
    <ImportDeclaration
        name="OutcomeCodes">
      <PackageSpecifier
          name="">
        <PackageName
            name="FrameworkEVA" />
        <PackageName
            name="Implementation" />
        <PackageName
            name="OutcomeCodes" />
        <PackageName
            name="Objects" />
      </PackageSpecifier>
      <PackageEntryReference
          name="OutcomeCodes" />
    </ImportDeclaration>
    <ImportDeclaration
        name="DesktopRulesKIPSearchUtil">
      <PackageSpecifier
          name="">
        <PackageName
            name="PCAddKnowledgeInfusedProcess" />
        <PackageName
            name="Implementation" />
        <PackageName
            name="KIPImplementations" />
      </PackageSpecifier>
      <PackageEntryReference
          name="DesktopRulesKIPSearchUtil" />
    </ImportDeclaration>
    <ImportDeclaration
        name="PCContextUtil">
      <PackageSpecifier
          name="">
        <PackageName
            name="PCFrameworkEVA" />
        <PackageName
            name="API" />
        <PackageName
            name="Utils" />
      </PackageSpecifier>
      <PackageEntryReference
          name="PCContextUtil" />
    </ImportDeclaration>
    <FormProcess
        appearsInHistory="true"
        cyclic="false"
        designNotes="Undefined"
        exceptionStrategy="1"
        icon=""
        isPrivate="false"
        logicalDatabaseConnection=""
        name="CreateAction"
        nested="false"
        pointOfNoReturn="false"
        transactionBehaviour="TX_NOT_SUPPORTED"
        version="10"
        waitOnChildren="false">
      <InstanceFields>
        <ObjectField
            isAggregate="false"
            isAttribute="false"
            name="formHolder">
          <ObjectField_loc
              locale="">
            <Format />
          </ObjectField_loc>
          <TypeDefinitionReference
              name="GTFormHolderControl"
              nested="false" />
        </ObjectField>
        <FormField
            isAggregate="false"
            isAttribute="false"
            name="form">
          <FormField_loc
              locale="">
            <Format />
          </FormField_loc>
          <TypeDefinitionReference
              name="CreateActionForm"
              nested="false" />
          <Bind
              data="eventDescriptionLst"
              dataComponent="eventDescLst" />
          <Bind
              data="txtActionDescription"
              dataComponent="txtActionInformation" />
          <Bind
              data="eventType"
              dataComponent="txtEventType" />
          <Bind
              data="loggedBy"
              dataComponent="txtLoggedBy" />
          <Bind
              data="followUpDate"
              dataComponent="ddFollowUpDate" />
        </FormField>
        <ObjectField
            designNotes=""
            isAggregate="false"
            isAttribute="false"
            name="eventDescriptionLst">
          <ObjectField_loc
              locale="">
            <Format />
          </ObjectField_loc>
          <TypeDefinitionReference
              name="EventDescLst"
              nested="false" />
        </ObjectField>
        <ObjectField
            designNotes=""
            isAggregate="false"
            isAttribute="false"
            name="customerEventData">
          <ObjectField_loc
              locale="">
            <Format />
          </ObjectField_loc>
          <TypeDefinitionReference
              name="CustomerEventData"
              nested="false" />
        </ObjectField>
        <StringField
            designNotes=""
            isAttribute="false"
            length="0"
            name="txtActionDescription">
          <StringField_loc
              locale="">
            <Format />
          </StringField_loc>
        </StringField>
        <StringField
            designNotes=""
            isAttribute="false"
            length="0"
            name="eventType">
          <StringField_loc
              locale="">
            <Format />
          </StringField_loc>
        </StringField>
        <StringField
            designNotes=""
            isAttribute="false"
            length="0"
            name="loggedBy">
          <StringField_loc
              locale="">
            <Format />
          </StringField_loc>
        </StringField>
        <ObjectField
            designNotes=""
            isAggregate="false"
            isAttribute="false"
            name="errorList">
          <ObjectField_loc
              locale="">
            <Format />
          </ObjectField_loc>
          <TypeDefinitionReference
              name="EntityEditorErrorList"
              nested="false" />
        </ObjectField>
        <DateField
            designNotes=""
            isAttribute="false"
            name="followUpDate"
            xsdType="dateTime">
          <DateField_loc
              locale="">
            <Format />
          </DateField_loc>
        </DateField>
        <IntegerField
            designNotes=""
            isAttribute="false"
            name="outcome">
          <IntegerField_loc
              locale="">
            <Format />
          </IntegerField_loc>
        </IntegerField>
        <ObjectField
            designNotes=""
            isAggregate="false"
            isAttribute="false"
            name="milestone">
          <ObjectField_loc
              locale="">
            <Format />
          </ObjectField_loc>
          <TypeDefinitionReference
              name="GTXMilestone"
              nested="false" />
        </ObjectField>
        <ObjectField
            designNotes=""
            isAggregate="false"
            isAttribute="false"
            name="context">
          <ObjectField_loc
              locale="">
            <Format />
          </ObjectField_loc>
          <TypeDefinitionReference
              name="IContext"
              nested="false" />
        </ObjectField>
        <StringField
            designNotes=""
            isAttribute="false"
            length="0"
            name="EIScreenNodeMapping_KIP_TAG_NAME_VALUE">
          <StringField_loc
              locale="">
            <Format />
            <JavascriptFunction
                exceptionStrategy="0"
                language="EcmaScript"
                name=""
                version="">
              <Verbatim
                  fieldName="text">
<![CDATA["snm_createeventaction"]]>
              </Verbatim>
            </JavascriptFunction>
          </StringField_loc>
        </StringField>
        <StringField
            designNotes=""
            isAttribute="false"
            length="0"
            name="callingVerbName">
          <StringField_loc
              locale="">
            <Format />
          </StringField_loc>
        </StringField>
      </InstanceFields>
      <InstanceProcedures
          name="">
        <Procedure
            name="createCustAction"
            nested="true" />
        <Procedure
            name="clearData"
            nested="true" />
        <Procedure
            name="validate"
            nested="true" />
        <Procedure
            name="handleCICSException"
            nested="true" />
      </InstanceProcedures>
      <Form
          name="CreateActionForm"
          nested="true" />
      <StartNode
          displayName=""
          name=""
          x="224"
          y="224" />
      <EndNode
          displayName=""
          name=""
          x="1040"
          y="224" />
      <ProcedureCall
          builtIn="false"
          classMethod="false"
          displayName=""
          methodName="createCustAction"
          name="createCustAction"
          resultType=""
          type="FormProcess"
          x="832"
          y="224">
        <RecordDefinitionReference
            name="CreateAction"
            nested="false" />
      </ProcedureCall>
      <ProcedureCall
          builtIn="false"
          classMethod="false"
          displayName=""
          methodName="clearData"
          name="clearData"
          resultType=""
          type="FormProcess"
          x="592"
          y="320">
        <RecordDefinitionReference
            name="CreateAction"
            nested="false" />
      </ProcedureCall>
      <ProcedureCall
          builtIn="false"
          classMethod="false"
          displayName=""
          methodName="validate"
          name="validate"
          resultType=""
          type="FormProcess"
          x="592"
          y="224">
        <RecordDefinitionReference
            name="CreateAction"
            nested="false" />
      </ProcedureCall>
      <DoNothingNode
          displayName=""
          name="wait"
          x="400"
          y="224" />
      <Transition
          eventSource="form.btnOK"
          isExceptionTransition="false">
        <EventDefinitionReference
            logicalUrl=""
            name="Action"
            nested="false" />
        <FromNode
            name="wait" />
        <ToNode
            name="validate" />
        <GraphNodeList
            name="">
          <GraphNode
              icon=""
              isLabelHolder="true"
              label=""
              name=""
              x="464"
              y="224" />
        </GraphNodeList>
      </Transition>
      <Transition
          isExceptionTransition="false"
          name="transition0">
        <StartNodeReference
            name="" />
        <ToNode
            name="wait" />
        <GraphNodeList
            name="">
          <GraphNode
              icon=""
              isLabelHolder="true"
              label=""
              name=""
              x="320"
              y="224" />
        </GraphNodeList>
      </Transition>
      <Transition
          eventSource="form.btnClear"
          isExceptionTransition="false"
          name="transition2">
        <EventDefinitionReference
            logicalUrl=""
            name="Action"
            nested="false" />
        <FromNode
            name="wait" />
        <ToNode
            name="clearData" />
        <GraphNodeList
            name="">
          <GraphNode
              icon=""
              isLabelHolder="true"
              label=""
              name=""
              x="400"
              y="320" />
        </GraphNodeList>
      </Transition>
      <Transition
          isExceptionTransition="false"
          name="transition3">
        <FromNode
            name="clearData" />
        <ToNode
            name="wait" />
        <GraphNodeList
            name="">
          <GraphNode
              icon=""
              isLabelHolder="true"
              label=""
              name=""
              x="400"
              y="320" />
        </GraphNodeList>
      </Transition>
      <Transition
          eventSource="form.btnCancel"
          isExceptionTransition="false"
          name="transition4">
        <EventDefinitionReference
            logicalUrl=""
            name="Action"
            nested="false" />
        <FromNode
            name="wait" />
        <EndNodeReference
            name="" />
        <GraphNodeList
            name="">
          <GraphNode
              icon=""
              isLabelHolder="true"
              label=""
              name=""
              x="400"
              y="64" />
          <GraphNode
              icon=""
              isLabelHolder="false"
              label=""
              name=""
              x="1040"
              y="64" />
        </GraphNodeList>
      </Transition>
      <Transition
          isExceptionTransition="false"
          name="transition1">
        <FromNode
            name="createCustAction" />
        <EndNodeReference
            name="" />
        <GraphNodeList
            name="">
          <GraphNode
              icon=""
              isLabelHolder="true"
              label=""
              name=""
              x="928"
              y="224" />
        </GraphNodeList>
      </Transition>
      <OrSplitTransition
          isExceptionTransition="false"
          name="orsplit0"
          x="688"
          y="224">
        <Condition
            exceptionStrategy="0"
            language="EcmaScript"
            name=""
            version="">
          <Verbatim
              fieldName="text">
<![CDATA[errorList.isEmpty()]]>
          </Verbatim>
        </Condition>
        <FromNode
            name="validate" />
        <ToNode
            name="createCustAction" />
        <GraphNodeList
            name="">
          <GraphNode
              icon=""
              isLabelHolder="true"
              label=""
              name=""
              x="768"
              y="224" />
        </GraphNodeList>
        <Transition
            isExceptionTransition="false"
            name="orsplit0_elseTransition">
          <ToNode
              name="wait" />
          <GraphNodeList
              name="">
            <GraphNode
                icon=""
                isLabelHolder="true"
                label=""
                name=""
                x="688"
                y="144" />
            <GraphNode
                icon=""
                isLabelHolder="false"
                label=""
                name=""
                x="400"
                y="144" />
          </GraphNodeList>
        </Transition>
      </OrSplitTransition>
      <Result
          from=""
          name="milestone"
          to="" />
      <Result
          from=""
          name="callingVerbName"
          to="" />
      <Parameter
          from=""
          name="context"
          to="" />
      <Parameter
          from=""
          name="customerEventData"
          to="" />
      <Parameter
          from=""
          name="eventDescriptionLst"
          to="" />
      <Parameter
          from=""
          name="formHolder"
          to="" />
      <Parameter
          from=""
          name="milestone"
          to="" />
      <Parameter
          from=""
          name="callingVerbName"
          to="" />
      <BuilderInfo
          name="" />
      <TopicScope
          defineTopicScope="false"
          name="" />
      <OnEntryProcedure
          name="onEntry"
          nested="true" />
      <ExceptionHandler
          name=""
          procedure="handleCICSException"
          version="">
        <ExceptionDefinitionReference
            name="CICSException"
            nested="false" />
      </ExceptionHandler>
      <FormReference
          name="CreateActionForm"
          nested="false" />
    </FormProcess>
  </PackageEntry>
